Country,ISO_A3,Year,PPP
Afghanistan,AFG,2013,67458857272.9888
Angola,AGO,2013,197839278641.871
Albania,ALB,2013,30602337894.01
United Arab Emirates,ARE,2013,657868026081.152
Argentina,ARG,2013,848625298160.51
Armenia,ARM,2013,28572642912.7207
Australia,AUS,2013,1062414874202.12
Austria,AUT,2013,406370494341.228
Azerbaijan,AZE,2013,162604723251.662
Burundi,BDI,2013,7175647231.46992
Belgium,BEL,2013,487343797679.386
Benin,BEN,2013,26896876069.4006
Burkina Faso,BFA,2013,29071648205.4878
Bangladesh,BGD,2013,577776460458.473
Bulgaria,BGR,2013,120953317419.459
"Bahamas, The",BHS,2013,11416923723.6007
Bosnia and Herzegovina,BIH,2013,39025220574.1111
Belarus,BLR,2013,179553714196.486
Belize,BLZ,2013,3232799972.91213
Bolivia,BOL,2013,70394877007.2335
Brazil,BRA,2013,3120542014445.91
Brunei Darussalam,BRN,2013,34227609587.5311
Bhutan,BTN,2013,6187128410.41547
Botswana,BWA,2013,28559217475.9872
Central African Republic,CAF,2013,3295437288.55
Canada,CAN,2013,1554125000000.0
Switzerland,CHE,2013,498760487993.313
Chile,CHL,2013,392670388751.635
China,CHN,2013,16374803441524.1
Cote d'Ivoire,CIV,2013,86638474451.6252
Cameroon,CMR,2013,69319477137.6358
"Congo, Dem. Rep.",COD,2013,53995321291.3452
"Congo, Rep.",COG,2013,28335651923.6335
Colombia,COL,2013,589812009091.885
Costa Rica,CRI,2013,71836714967.5236
Cuba,CUB,2013,
Cyprus,CYP,2013,26246150805.4656
Czechia,CZE,2013,324029971676.001
Germany,DEU,2013,3628559701800.76
Djibouti,DJI,2013,3702243662.44625
Denmark,DNK,2013,262368108591.261
Dominican Republic,DOM,2013,126801715835.946
Algeria,DZA,2013,552043162307.88
Ecuador,ECU,2013,178551197058.881
"Egypt, Arab Rep.",EGY,2013,1002088457671.01
Eritrea,ERI,2013,
Spain,ESP,2013,1512562240663.9
Estonia,EST,2013,36198153224.201
Ethiopia,ETH,2013,123330855990.703
Finland,FIN,2013,225680035610.262
Fiji,FJI,2013,8253358874.67118
Gabon,GAB,2013,27735514310.3286
United Kingdom,GBR,2013,2562195072837.32
Georgia,GEO,2013,40140934055.4256
Ghana,GHA,2013,142807202863.437
Guinea,GIN,2013,20615456394.7016
"Gambia, The",GMB,2013,4221821464.50145
Guinea-Bissau,GNB,2013,2401201175.14756
Equatorial Guinea,GNQ,2013,37572294947.8452
Greece,GRC,2013,284949103892.689
Greenland,GRL,2013,2987592053.03624
Guatemala,GTM,2013,118481713276.004
Guyana,GUY,2013,8400150803.44364
Honduras,HND,2013,36777848313.4206
Croatia,HRV,2013,94553534860.0087
Haiti,HTI,2013,31101506421.0806
Hungary,HUN,2013,242855184363.456
Indonesia,IDN,2013,2524244786997.21
India,IND,2013,6497743441802.47
Ireland,IRL,2013,221005225411.352
"Iran, Islamic Rep.",IRN,2013,1250610246950.94
Iraq,IRQ,2013,517535382527.478
Iceland,ISL,2013,14378252058.9283
Israel,ISR,2013,279990267389.596
Italy,ITA,2013,2187377576803.98
Jamaica,JAM,2013,24023892586.5579
Jordan,JOR,2013,78452380693.4733
Japan,JPN,2013,5021591088716.88
Kazakhstan,KAZ,2013,417039504506.503
Kenya,KEN,2013,139746695151.583
Kyrgyz Republic,KGZ,2013,23114163150.7939
Cambodia,KHM,2013,45380362823.0209
"Korea, Rep.",KOR,2013,1726902752731.95
Kuwait,KWT,2013,269446403355.205
Lao PDR,LAO,2013,34521998381.2813
Lebanon,LBN,2013,93707683516.7205
Liberia,LBR,2013,6080102164.40169
Libya,LBY,2013,133349219556.353
Sri Lanka,LKA,2013,231635412206.587
Lesotho,LSO,2013,5219948224.49632
Lithuania,LTU,2013,79034478791.9115
Luxembourg,LUX,2013,54838614516.1038
Latvia,LVA,2013,45564635497.0968
Morocco,MAR,2013,258279124276.737
Moldova,MDA,2013,23541379306.0256
Madagascar,MDG,2013,35522723859.5999
Mexico,MEX,2013,2150334057594.28
North Macedonia,MKD,2013,26268297987.6723
Mali,MLI,2013,30235978035.0951
Myanmar,MMR,2013,208269863967.961
Montenegro,MNE,2013,9236974270.11594
Mongolia,MNG,2013,30272589127.4882
Mozambique,MOZ,2013,27901295071.5244
Mauritania,MRT,2013,14306348181.5051
Malawi,MWI,2013,25181923450.6662
Malaysia,MYS,2013,698862906454.866
Namibia,NAM,2013,21847544464.6311
New Caledonia,NCL,2013,
Niger,NER,2013,21071366592.3543
Nigeria,NGA,2013,900501053734.077
Nicaragua,NIC,2013,28187249493.4492
Netherlands,NLD,2013,827475738129.662
Nepal,NPL,2013,73334815489.017
New Zealand,NZL,2013,160996114051.449
Oman,OMN,2013,180245565668.084
Pakistan,PAK,2013,881009821208.77
Panama,PAN,2013,84421080148.8719
Peru,PER,2013,336660846713.936
Philippines,PHL,2013,650515526381.171
Papua New Guinea,PNG,2013,25820522087.7976
Poland,POL,2013,925133013061.528
Puerto Rico,PRI,2013,117220284809.445
"Korea, Dem. People's Rep.",PRK,2013,
Portugal,PRT,2013,292135407902.921
Paraguay,PRY,2013,72608983989.6986
West Bank and Gaza,PSE,2013,21557010047.8386
Qatar,QAT,2013,324265528776.434
Romania,ROU,2013,393201151280.347
Russian Federation,RUS,2013,3741783381914.27
Rwanda,RWA,2013,16775811289.2754
Saudi Arabia,SAU,2013,1682819524031.61
Sudan,SDN,2013,140750771539.855
Senegal,SEN,2013,37962162529.6039
Solomon Islands,SLB,2013,1424577977.8029
Sierra Leone,SLE,2013,11891627320.9612
El Salvador,SLV,2013,43540259025.7112
Somalia,SOM,2013,14010125215.4404
Serbia,SRB,2013,104798887034.212
South Sudan,SSD,2013,21404113972.9807
Suriname,SUR,2013,9202587589.4457
Slovak Republic,SVK,2013,151678176998.07
Slovenia,SVN,2013,61744411905.6854
Sweden,SWE,2013,444616519268.393
Eswatini,SWZ,2013,9580683490.4307
Syrian Arab Republic,SYR,2013,
Chad,TCD,2013,20948288821.1082
Togo,TGO,2013,12497168116.419
Thailand,THA,2013,1062759710029.05
Tajikistan,TJK,2013,23981005942.072
Turkmenistan,TKM,2013,69625757915.0254
Timor-Leste,TLS,2013,2973246949.47284
Trinidad and Tobago,TTO,2013,42780100591.4677
Tunisia,TUN,2013,118895810770.27
Turkiye,TUR,2013,1703669566586.39
Tanzania,TZA,2013,103152549535.165
Uganda,UGA,2013,72260074930.0597
Ukraine,UKR,2013,502958216930.577
Uruguay,URY,2013,69119276780.88
United States,USA,2013,16880683000000.0
Uzbekistan,UZB,2013,190612221117.744
"Venezuela, RB",VEN,2013,
Viet Nam,VNM,2013,612129658830.052
Vanuatu,VUT,2013,720694566.499395
"Yemen, Rep.",YEM,2013,92755605480.1343
South Africa,ZAF,2013,731024717341.774
Zambia,ZMB,2013,53546651818.13
Zimbabwe,ZWE,2013,34688244402.2435
Afghanistan,AFG,2014,72946664022.0665
Angola,AGO,2014,217021998765.783
Albania,ALB,2014,32526853960.3919
United Arab Emirates,ARE,2014,687052388186.095
Argentina,ARG,2014,838428063163.02
Armenia,ARM,2014,29343064966.5336
Australia,AUS,2014,1101347411236.85
Austria,AUT,2014,417059741085.658
Azerbaijan,AZE,2014,167470430285.624
Burundi,BDI,2014,7822936123.43009
Belgium,BEL,2014,503619406808.679
Benin,BEN,2014,29454694903.9928
Burkina Faso,BFA,2014,30284926912.3411
Bangladesh,BGD,2014,627516703644.248
Bulgaria,BGR,2014,127250454516.093
"Bahamas, The",BHS,2014,11974224227.556
Bosnia and Herzegovina,BIH,2014,39808703702.6067
Belarus,BLR,2014,179879136842.301
Belize,BLZ,2014,3290936486.12768
Bolivia,BOL,2014,76454300115.4351
Brazil,BRA,2014,3166808963772.23
Brunei Darussalam,BRN,2014,33850757981.5541
Bhutan,BTN,2014,6731464261.37298
Botswana,BWA,2014,32587870647.0545
Central African Republic,CAF,2014,3231436576.44185
Canada,CAN,2014,1621395561291.92
Switzerland,CHE,2014,519299911605.986
Chile,CHL,2014,402902197383.282
China,CHN,2014,17423231129699.6
Cote d'Ivoire,CIV,2014,99929867262.254
Cameroon,CMR,2014,75494717689.7735
"Congo, Dem. Rep.",COD,2014,63082984657.1439
"Congo, Rep.",COG,2014,28527635281.5358
Colombia,COL,2014,621898180361.739
Costa Rica,CRI,2014,78151240955.4128
Cuba,CUB,2014,
Cyprus,CYP,2014,25719121595.6117
Czechia,CZE,2014,342099831459.922
Germany,DEU,2014,3807112936430.42
Djibouti,DJI,2014,3978451293.00728
Denmark,DNK,2014,270330620655.251
Dominican Republic,DOM,2014,139239728614.144
Algeria,DZA,2014,576084364271.011
Ecuador,ECU,2014,189785459977.46
"Egypt, Arab Rep.",EGY,2014,1000296471586.54
Eritrea,ERI,2014,
Spain,ESP,2014,1558985384059.1
Estonia,EST,2014,38050116722.6556
Ethiopia,ETH,2014,150119415264.863
Finland,FIN,2014,228058553146.46
Fiji,FJI,2014,9829197068.29942
Gabon,GAB,2014,29386488339.4855
United Kingdom,GBR,2014,2666661894153.29
Georgia,GEO,2014,43780102412.4376
Ghana,GHA,2014,154709158599.11
Guinea,GIN,2014,21491244018.2052
"Gambia, The",GMB,2014,4185554930.44809
Guinea-Bissau,GNB,2014,2534913686.67565
Equatorial Guinea,GNQ,2014,38043505840.31
Greece,GRC,2014,290011169381.561
Greenland,GRL,2014,3183767613.09971
Guatemala,GTM,2014,129165012763.448
Guyana,GUY,2014,8405904168.05223
Honduras,HND,2014,40422044599.9769
Croatia,HRV,2014,95207705400.1922
Haiti,HTI,2014,31905357619.7515
Hungary,HUN,2014,253484631538.851
Indonesia,IDN,2014,2605517436520.51
India,IND,2014,6812807109172.35
Ireland,IRL,2014,238657009844.44
"Iran, Islamic Rep.",IRN,2014,1255791375247.15
Iraq,IRQ,2014,481300153146.585
Iceland,ISL,2014,15058763610.4313
Israel,ISR,2014,285415972339.773
Italy,ITA,2014,2200255257934.9
Jamaica,JAM,2014,24397287651.2427
Jordan,JOR,2014,80397356421.9829
Japan,JPN,2014,5034454618847.27
Kazakhstan,KAZ,2014,426844567293.671
Kenya,KEN,2014,154709329446.165
Kyrgyz Republic,KGZ,2014,24971077860.1925
Cambodia,KHM,2014,48043834296.3702
"Korea, Rep.",KOR,2014,1792600237630.01
Kuwait,KWT,2014,250513498911.704
Lao PDR,LAO,2014,38868372116.7692
Lebanon,LBN,2014,102439561735.377
Liberia,LBR,2014,6475698206.39695
Libya,LBY,2014,112538152127.142
Sri Lanka,LKA,2014,243530581325.688
Lesotho,LSO,2014,5764436175.6392
Lithuania,LTU,2014,82646656409.6308
Luxembourg,LUX,2014,58578323745.8406
Latvia,LVA,2014,47483131750.415
Morocco,MAR,2014,250969666045.261
Moldova,MDA,2014,24700278843.524
Madagascar,MDG,2014,37117789637.7909
Mexico,MEX,2014,2254435512803.84
North Macedonia,MKD,2014,27774064661.0159
Mali,MLI,2014,33110156418.1778
Myanmar,MMR,2014,221802511725.486
Montenegro,MNE,2014,9557249128.71338
Mongolia,MNG,2014,32298614756.1739
Mozambique,MOZ,2014,30064933093.9699
Mauritania,MRT,2014,14875055357.1756
Malawi,MWI,2014,25024588183.9773
Malaysia,MYS,2014,746116305787.407
Namibia,NAM,2014,23966035323.935
New Caledonia,NCL,2014,
Niger,NER,2014,22315918540.8947
Nigeria,NGA,2014,976358658638.933
Nicaragua,NIC,2014,30743430632.8575
Netherlands,NLD,2014,830318571509.821
Nepal,NPL,2014,80283011240.3674
New Zealand,NZL,2014,168455574604.541
Oman,OMN,2014,177051225729.964
Pakistan,PAK,2014,924121429937.152
Panama,PAN,2014,95450556963.6565
Peru,PER,2014,346866168556.312
Philippines,PHL,2014,694071312904.099
Papua New Guinea,PNG,2014,29828194888.8618
Poland,POL,2014,962317685845.28
Puerto Rico,PRI,2014,116122525954.824
"Korea, Dem. People's Rep.",PRK,2014,
Portugal,PRT,2014,298951904406.531
Paraguay,PRY,2014,76522545296.8012
West Bank and Gaza,PSE,2014,22459712716.3975
Qatar,QAT,2014,319295523267.788
Romania,ROU,2014,410735731532.673
Russian Federation,RUS,2014,3763534951277.15
Rwanda,RWA,2014,19065161014.6055
Saudi Arabia,SAU,2014,1725296867746.72
Sudan,SDN,2014,165409530125.751
Senegal,SEN,2014,40387333256.6553
Solomon Islands,SLB,2014,1466625068.50157
Sierra Leone,SLE,2014,12392798377.7748
El Salvador,SLV,2014,46245033584.1948
Somalia,SOM,2014,17167591206.5974
Serbia,SRB,2014,104523796596.989
South Sudan,SSD,2014,15423015948.6817
Suriname,SUR,2014,9549802477.86613
Slovak Republic,SVK,2014,157298385701.219
Slovenia,SVN,2014,63653371400.3498
Sweden,SWE,2014,457507742235.106
Eswatini,SWZ,2014,9811948678.85461
Syrian Arab Republic,SYR,2014,
Chad,TCD,2014,23254976690.4898
Togo,TGO,2014,13473941586.3031
Thailand,THA,2014,1078896775480.04
Tajikistan,TJK,2014,26555018899.7668
Turkmenistan,TKM,2014,75798477556.9655
Timor-Leste,TLS,2014,3380077842.07778
Trinidad and Tobago,TTO,2014,43413382882.2898
Tunisia,TUN,2014,123418430878.512
Turkiye,TUR,2014,1860471150579.8
Tanzania,TZA,2014,108559934988.865
Uganda,UGA,2014,77668413711.6786
Ukraine,UKR,2014,458591716288.241
Uruguay,URY,2014,73395678328.8813
United States,USA,2014,17608138000000.0
Uzbekistan,UZB,2014,199766953604.239
"Venezuela, RB",VEN,2014,
Viet Nam,VNM,2014,668974831523.37
Vanuatu,VUT,2014,756247276.958811
"Yemen, Rep.",YEM,2014,
South Africa,ZAF,2014,742688200700.391
Zambia,ZMB,2014,54700785564.6956
Zimbabwe,ZWE,2014,36277698638.9935
Afghanistan,AFG,2015,77274315044.0326
Angola,AGO,2015,200475818990.044
Albania,ALB,2015,33583367364.4611
United Arab Emirates,ARE,2015,609998221091.021
Argentina,ARG,2015,865155580188.784
Armenia,ARM,2015,29315404012.9832
Australia,AUS,2015,1102492313517.56
Austria,AUT,2015,430975998137.236
Azerbaijan,AZE,2015,145466446321.068
Burundi,BDI,2015,8809630118.7088
Belgium,BEL,2015,520878052195.13
Benin,BEN,2015,30961687093.8936
Burkina Faso,BFA,2015,31763609326.839
Bangladesh,BGD,2015,671359529456.477
Bulgaria,BGR,2015,131965595680.321
"Bahamas, The",BHS,2015,12210737710.6195
Bosnia and Herzegovina,BIH,2015,41675869365.7098
Belarus,BLR,2015,171563080410.21
Belize,BLZ,2015,3401343634.91997
Bolivia,BOL,2015,78777661969.4082
Brazil,BRA,2015,2989121457827.16
Brunei Darussalam,BRN,2015,26475985797.9874
Bhutan,BTN,2015,7450798296.64567
Botswana,BWA,2015,31162419272.1222
Central African Republic,CAF,2015,3559349379.23233
Canada,CAN,2015,1594851775821.65
Switzerland,CHE,2015,540550953723.454
Chile,CHL,2015,405499679723.235
China,CHN,2015,18216461648412.0
Cote d'Ivoire,CIV,2015,111175876370.327
Cameroon,CMR,2015,79618697991.1036
"Congo, Dem. Rep.",COD,2015,69621148328.8482
"Congo, Rep.",COG,2015,24035779100.7529
Colombia,COL,2015,626205847138.118
Costa Rica,CRI,2015,84436792704.572
Cuba,CUB,2015,
Cyprus,CYP,2015,27057442402.1829
Czechia,CZE,2015,357503876184.69
Germany,DEU,2015,3889081660716.44
Djibouti,DJI,2015,4350576767.06687
Denmark,DNK,2015,278748351517.934
Dominican Republic,DOM,2015,154909321367.662
Algeria,DZA,2015,552563707134.997
Ecuador,ECU,2015,176939941130.612
"Egypt, Arab Rep.",EGY,2015,1085943366513.33
Eritrea,ERI,2015,
Spain,ESP,2015,1621825074465.2
Estonia,EST,2015,38378217195.5802
Ethiopia,ETH,2015,169575372912.615
Finland,FIN,2015,232867491858.974
Fiji,FJI,2015,10778358104.4316
Gabon,GAB,2015,29199274580.0253
United Kingdom,GBR,2015,2767234470818.76
Georgia,GEO,2015,45707843451.6546
Ghana,GHA,2015,148971921853.893
Guinea,GIN,2015,22706692066.757
"Gambia, The",GMB,2015,4427516234.00185
Guinea-Bissau,GNB,2015,3090468072.90842
Equatorial Guinea,GNQ,2015,28320531411.9553
Greece,GRC,2015,289570760339.534
Greenland,GRL,2015,3132039400.29172
Guatemala,GTM,2015,142691589480.133
Guyana,GUY,2015,8656533235.33949
Honduras,HND,2015,44760245066.2342
Croatia,HRV,2015,98618931310.9425
Haiti,HTI,2015,31841589929.642
Hungary,HUN,2015,263781871939.868
Indonesia,IDN,2015,2625201734355.44
India,IND,2015,7204580698458.92
Ireland,IRL,2015,325443236019.889
"Iran, Islamic Rep.",IRN,2015,1131039620719.18
Iraq,IRQ,2015,350607538727.124
Iceland,ISL,2015,16276450019.0689
Israel,ISR,2015,300546194180.572
Italy,ITA,2015,2240921139199.72
Jamaica,JAM,2015,25182384150.2051
Jordan,JOR,2015,85588348124.0501
Japan,JPN,2015,5199915217476.25
Kazakhstan,KAZ,2015,406611059018.014
Kenya,KEN,2015,173206956148.628
Kyrgyz Republic,KGZ,2015,25086544783.7459
Cambodia,KHM,2015,51719789675.5877
"Korea, Rep.",KOR,2015,1933588947770.48
Kuwait,KWT,2015,173580844573.035
Lao PDR,LAO,2015,41395269251.0588
Lebanon,LBN,2015,110329048228.764
Liberia,LBR,2015,6245654129.67803
Libya,LBY,2015,116940831227.105
Sri Lanka,LKA,2015,256403786037.5
Lesotho,LSO,2015,6386751308.41258
Lithuania,LTU,2015,83761793045.2882
Luxembourg,LUX,2015,61437308583.9496
Latvia,LVA,2015,49384458003.7301
Morocco,MAR,2015,273699865546.218
Moldova,MDA,2015,26084243383.8688
Madagascar,MDG,2015,38053900319.1193
Mexico,MEX,2015,2309023754637.44
North Macedonia,MKD,2015,28749801842.1013
Mali,MLI,2015,36435462015.6261
Myanmar,MMR,2015,227790290910.88
Montenegro,MNE,2015,10160881373.3638
Mongolia,MNG,2015,31655860016.5362
Mozambique,MOZ,2015,34986722839.8134
Mauritania,MRT,2015,15775044970.7205
Malawi,MWI,2015,23972522499.7063
Malaysia,MYS,2015,766027917953.276
Namibia,NAM,2015,24849167508.2085
New Caledonia,NCL,2015,
Niger,NER,2015,23372915804.2583
Nigeria,NGA,2015,989482934627.144
Nicaragua,NIC,2015,33507482488.8243
Netherlands,NLD,2015,851884866008.706
Nepal,NPL,2015,82282973616.2707
New Zealand,NZL,2015,172797415992.0
Oman,OMN,2015,150899641148.99
Pakistan,PAK,2015,973520332591.722
Panama,PAN,2015,108461088527.592
Peru,PER,2015,353319959252.515
Philippines,PHL,2015,726055887763.051
Papua New Guinea,PNG,2015,32085428348.4611
Poland,POL,2015,1018896775056.14
Puerto Rico,PRI,2015,114269131890.728
"Korea, Dem. People's Rep.",PRK,2015,
Portugal,PRT,2015,307229815692.704
Paraguay,PRY,2015,78091620933.4249
West Bank and Gaza,PSE,2015,24638355542.6154
Qatar,QAT,2015,240424800591.957
Romania,ROU,2015,428470534228.433
Russian Federation,RUS,2015,3526235948513.73
Rwanda,RWA,2015,20727871325.8765
Saudi Arabia,SAU,2015,1552528373387.75
Sudan,SDN,2015,168783439920.87
Senegal,SEN,2015,43696523920.8699
Solomon Islands,SLB,2015,1505046895.20774
Sierra Leone,SLE,2015,11285173339.8483
El Salvador,SLV,2015,49059658944.8194
Somalia,SOM,2015,21027589797.5638
Serbia,SRB,2015,105915299947.911
South Sudan,SSD,2015,12827976279.3273
Suriname,SUR,2015,9622189492.37402
Slovak Republic,SVK,2015,163007576065.817
Slovenia,SVN,2015,65265868522.9918
Sweden,SWE,2015,481170737701.317
Eswatini,SWZ,2015,9969808799.81735
Syrian Arab Republic,SYR,2015,
Chad,TCD,2015,26192077365.9623
Togo,TGO,2015,14404273148.2606
Thailand,THA,2015,1113921789913.93
Tajikistan,TJK,2015,25719495030.4775
Turkmenistan,TKM,2015,79032357701.4529
Timor-Leste,TLS,2015,3756623932.43702
Trinidad and Tobago,TTO,2015,40532805871.6444
Tunisia,TUN,2015,122945411435.233
Turkiye,TUR,2015,2022398639513.72
Tanzania,TZA,2015,116992999511.588
Uganda,UGA,2015,82192547854.5883
Ukraine,UKR,2015,431227247239.316
Uruguay,URY,2015,74664260125.477
United States,USA,2015,18295019000000.0
Uzbekistan,UZB,2015,209082432928.015
"Venezuela, RB",VEN,2015,
Viet Nam,VNM,2015,712101202507.931
Vanuatu,VUT,2015,766063112.150588
"Yemen, Rep.",YEM,2015,
South Africa,ZAF,2015,759954918901.854
Zambia,ZMB,2015,54731517891.6164
Zimbabwe,ZWE,2015,38109205249.268
Afghanistan,AFG,2016,76798750471.4042
Angola,AGO,2016,199721223732.138
Albania,ALB,2016,34738551132.213
United Arab Emirates,ARE,2016,604925118660.42
Argentina,ARG,2016,882649216798.351
Armenia,ARM,2016,31629425029.462
Australia,AUS,2016,1143970717633.14
Austria,AUT,2016,460282766423.271
Azerbaijan,AZE,2016,141837623390.756
Burundi,BDI,2016,8676714933.88405
Belgium,BEL,2016,550677647305.861
Benin,BEN,2016,33245555033.1574
Burkina Faso,BFA,2016,36383537964.2514
Bangladesh,BGD,2016,736379109928.489
Bulgaria,BGR,2016,143019092290.567
"Bahamas, The",BHS,2016,12385261078.1041
Bosnia and Herzegovina,BIH,2016,44797860347.0754
Belarus,BLR,2016,168862491607.69
Belize,BLZ,2016,3429388416.36373
Bolivia,BOL,2016,84385715066.6074
Brazil,BRA,2016,2907889886097.55
Brunei Darussalam,BRN,2016,24234547470.1568
Bhutan,BTN,2016,8306544992.03272
Botswana,BWA,2016,36266220081.5912
Central African Republic,CAF,2016,3893548336.23769
Canada,CAN,2016,1678092366067.55
Switzerland,CHE,2016,563950610001.631
Chile,CHL,2016,424831691034.163
China,CHN,2016,19265339702246.8
Cote d'Ivoire,CIV,2016,117748858729.37
Cameroon,CMR,2016,85068226004.8733
"Congo, Dem. Rep.",COD,2016,76732432237.3181
"Congo, Rep.",COG,2016,20973960925.5018
Colombia,COL,2016,665398390495.011
Costa Rica,CRI,2016,93454856085.2032
Cuba,CUB,2016,
Cyprus,CYP,2016,30551541105.356
Czechia,CZE,2016,381420338169.846
Germany,DEU,2016,4165169650070.14
Djibouti,DJI,2016,4598427635.85082
Denmark,DNK,2016,297719080444.573
Dominican Republic,DOM,2016,172145441905.817
Algeria,DZA,2016,548945698735.394
Ecuador,ECU,2016,179600489638.442
"Egypt, Arab Rep.",EGY,2016,1084107404691.64
Eritrea,ERI,2016,
Spain,ESP,2016,1734117178406.71
Estonia,EST,2016,41201006348.4063
Ethiopia,ETH,2016,198234207768.963
Finland,FIN,2016,246928408039.55
Fiji,FJI,2016,11015803386.2391
Gabon,GAB,2016,29399527403.7982
United Kingdom,GBR,2016,2892297884267.13
Georgia,GEO,2016,48700949298.4327
Ghana,GHA,2016,147108962613.394
Guinea,GIN,2016,27228621826.9743
"Gambia, The",GMB,2016,4596488156.16964
Guinea-Bissau,GNB,2016,3342056307.07795
Equatorial Guinea,GNQ,2016,25110506259.4845
Greece,GRC,2016,296466369907.234
Greenland,GRL,2016,3309838081.22666
Guatemala,GTM,2016,149695818918.453
Guyana,GUY,2016,8793308785.64102
Honduras,HND,2016,48814099005.3134
Croatia,HRV,2016,106143790109.301
Haiti,HTI,2016,34719284269.453
Hungary,HUN,2016,274222712840.714
Indonesia,IDN,2016,2715764060542.74
India,IND,2016,7795524017467.06
Ireland,IRL,2016,339580228355.172
"Iran, Islamic Rep.",IRN,2016,1221422583406.8
Iraq,IRQ,2016,349270949154.251
Iceland,ISL,2016,17939410954.5851
Israel,ISR,2016,326528612428.469
Italy,ITA,2016,2420671363968.59
Jamaica,JAM,2016,26411115826.8499
Jordan,JOR,2016,87534483836.1905
Japan,JPN,2016,5158900389806.61
Kazakhstan,KAZ,2016,422786764645.624
Kenya,KEN,2016,188546457052.59
Kyrgyz Republic,KGZ,2016,28429771863.0656
Cambodia,KHM,2016,56734872660.3465
"Korea, Rep.",KOR,2016,2026967821102.36
Kuwait,KWT,2016,167620163110.366
Lao PDR,LAO,2016,46586124701.5285
Lebanon,LBN,2016,119762487637.993
Liberia,LBR,2016,7087452920.22171
Libya,LBY,2016,112487606548.722
Sri Lanka,LKA,2016,277383189828.955
Lesotho,LSO,2016,6268088278.1117
Lithuania,LTU,2016,88700736020.2899
Luxembourg,LUX,2016,65980119592.3436
Latvia,LVA,2016,52362427326.9313
Morocco,MAR,2016,278969225512.902
Moldova,MDA,2016,28945251498.7153
Madagascar,MDG,2016,40755587226.8307
Mexico,MEX,2016,2457812552694.79
North Macedonia,MKD,2016,31372056584.3848
Mali,MLI,2016,40702002803.0978
Myanmar,MMR,2016,229647106575.787
Montenegro,MNE,2016,11325063564.0852
Mongolia,MNG,2016,32468148776.2369
Mozambique,MOZ,2016,37700803807.9205
Mauritania,MRT,2016,19136599346.5409
Malawi,MWI,2016,24755675039.6412
Malaysia,MYS,2016,803828295814.355
Namibia,NAM,2016,24880312287.1765
New Caledonia,NCL,2016,
Niger,NER,2016,24586198437.6823
Nigeria,NGA,2016,981583396343.35
Nicaragua,NIC,2016,36662943590.8864
Netherlands,NLD,2016,890488127445.161
Nepal,NPL,2016,83198953169.4628
New Zealand,NZL,2016,188310543730.5
Oman,OMN,2016,146364894955.712
Pakistan,PAK,2016,1019403996557.85
Panama,PAN,2016,122509704325.752
Peru,PER,2016,372451971818.884
Philippines,PHL,2016,787994332739.752
Papua New Guinea,PNG,2016,34168434981.253
Poland,POL,2016,1069459264341.9
Puerto Rico,PRI,2016,112229482734.795
"Korea, Dem. People's Rep.",PRK,2016,
Portugal,PRT,2016,326364349265.682
Paraguay,PRY,2016,83295458687.9189
West Bank and Gaza,PSE,2016,26474303888.9446
Qatar,QAT,2016,222778394716.76
Romania,ROU,2016,470959644999.413
Russian Federation,RUS,2016,3538975998887.58
Rwanda,RWA,2016,22245839682.625
Saudi Arabia,SAU,2016,1493555871420.29
Sudan,SDN,2016,184446367323.917
Senegal,SEN,2016,46623906157.9398
Solomon Islands,SLB,2016,1603745490.74465
Sierra Leone,SLE,2016,12053273286.711
El Salvador,SLV,2016,52431584608.9046
Somalia,SOM,2016,23546856963.3411
Serbia,SRB,2016,111926919880.216
South Sudan,SSD,2016,
Suriname,SUR,2016,8507962995.52901
Slovak Republic,SVK,2016,161498740048.57
Slovenia,SVN,2016,70079356305.4272
Sweden,SWE,2016,500423685300.432
Eswatini,SWZ,2016,9998087823.69359
Syrian Arab Republic,SYR,2016,
Chad,TCD,2016,24840315807.1832
Togo,TGO,2016,15189500689.044
Thailand,THA,2016,1181322173179.74
Tajikistan,TJK,2016,25833179135.519
Turkmenistan,TKM,2016,82167730668.8496
Timor-Leste,TLS,2016,4195733423.29217
Trinidad and Tobago,TTO,2016,38381867671.4382
Tunisia,TUN,2016,126742366551.332
Turkiye,TUR,2016,2116397789617.2
Tanzania,TZA,2016,127160946763.025
Uganda,UGA,2016,84011710476.5525
Ukraine,UKR,2016,469908642632.233
Uruguay,URY,2016,77184685943.4453
United States,USA,2016,18804912999999.9
Uzbekistan,UZB,2016,216467147312.947
"Venezuela, RB",VEN,2016,
Viet Nam,VNM,2016,787204623262.451
Vanuatu,VUT,2016,809603359.789323
"Yemen, Rep.",YEM,2016,
South Africa,ZAF,2016,774110394019.95
Zambia,ZMB,2016,56043424009.9189
Zimbabwe,ZWE,2016,40834050796.3675
Afghanistan,AFG,2017,83362066704.4832
Angola,AGO,2017,211424030475.15
Albania,ALB,2017,36693363687.5896
United Arab Emirates,ARE,2017,627578031229.294
Argentina,ARG,2017,1035699067575.93
Armenia,ARM,2017,35949453239.3726
Australia,AUS,2017,1190737658818.33
Austria,AUT,2017,476590426691.819
Azerbaijan,AZE,2017,141069643128.845
Burundi,BDI,2017,8759744160.76216
Belgium,BEL,2017,573788797293.568
Benin,BEN,2017,34745526935.4768
Burkina Faso,BFA,2017,40632395597.0095
Bangladesh,BGD,2017,791891204668.818
Bulgaria,BGR,2017,151820637849.535
"Bahamas, The",BHS,2017,13160602906.2493
Bosnia and Herzegovina,BIH,2017,46718612988.8763
Belarus,BLR,2017,174175106235.251
Belize,BLZ,2017,3404802284.0926
Bolivia,BOL,2017,96545462750.1116
Brazil,BRA,2017,2980287463599.86
Brunei Darussalam,BRN,2017,26683752499.7116
Bhutan,BTN,2017,8808682650.51136
Botswana,BWA,2017,35589435395.4775
Central African Republic,CAF,2017,4236556479.54651
Canada,CAN,2017,1765762548007.77
Switzerland,CHE,2017,576360597477.87
Chile,CHL,2017,450891850924.637
China,CHN,2017,20594682031575.0
Cote d'Ivoire,CIV,2017,125384273717.75
Cameroon,CMR,2017,90902832851.2771
"Congo, Dem. Rep.",COD,2017,87367059544.4283
"Congo, Rep.",COG,2017,23783312191.5778
Colombia,COL,2017,693117074956.624
Costa Rica,CRI,2017,100716906503.95
Cuba,CUB,2017,
Cyprus,CYP,2017,33015340061.3987
Czechia,CZE,2017,411327867894.58
Germany,DEU,2017,4386727409191.68
Djibouti,DJI,2017,4933188997.99709
Denmark,DNK,2017,319130157564.111
Dominican Republic,DOM,2017,181804310040.918
Algeria,DZA,2017,562537088659.901
Ecuador,ECU,2017,197653047823.802
"Egypt, Arab Rep.",EGY,2017,1153591166057.27
Eritrea,ERI,2017,
Spain,ESP,2017,1842771293467.92
Estonia,EST,2017,44556473262.6919
Ethiopia,ETH,2017,219853614306.547
Finland,FIN,2017,262026475788.422
Fiji,FJI,2017,11778089335.1771
Gabon,GAB,2017,31914848308.0448
United Kingdom,GBR,2017,3041891554350.64
Georgia,GEO,2017,51144255243.8394
Ghana,GHA,2017,155172026664.996
Guinea,GIN,2017,33281442968.3756
"Gambia, The",GMB,2017,4775616329.45243
Guinea-Bissau,GNB,2017,3907712651.79046
Equatorial Guinea,GNQ,2017,28802412248.0502
Greece,GRC,2017,307636097252.196
Greenland,GRL,2017,3370887241.18687
Guatemala,GTM,2017,158386820207.971
Guyana,GUY,2017,9408659458.00787
Honduras,HND,2017,53891605878.8263
Croatia,HRV,2017,112975477305.994
Haiti,HTI,2017,36124687052.1535
Hungary,HUN,2017,288707447254.494
Indonesia,IDN,2017,2857305082359.12
India,IND,2017,8354710136357.86
Ireland,IRL,2017,375788557473.834
"Iran, Islamic Rep.",IRN,2017,1281375169176.87
Iraq,IRQ,2017,400912993904.789
Iceland,ISL,2017,19106258173.1223
Israel,ISR,2017,343723470819.241
Italy,ITA,2017,2517184209191.25
Jamaica,JAM,2017,27651386383.771
Jordan,JOR,2017,94825378274.4728
Japan,JPN,2017,5262254961496.86
Kazakhstan,KAZ,2017,447143865260.692
Kenya,KEN,2017,205511364865.135
Kyrgyz Republic,KGZ,2017,31241590663.088
Cambodia,KHM,2017,61322327317.8454
"Korea, Rep.",KOR,2017,2103651261121.49
Kuwait,KWT,2017,193471105512.371
Lao PDR,LAO,2017,50122949866.8694
Lebanon,LBN,2017,129139845044.674
Liberia,LBR,2017,8073192528.51871
Libya,LBY,2017,121473194597.018
Sri Lanka,LKA,2017,291985462536.138
Lesotho,LSO,2017,5649078948.33712
Lithuania,LTU,2017,95492393595.0341
Luxembourg,LUX,2017,68570197215.6406
Latvia,LVA,2017,55691286096.3891
Morocco,MAR,2017,291813531443.919
Moldova,MDA,2017,31001699470.1457
Madagascar,MDG,2017,41438402026.5191
Mexico,MEX,2017,2528308608734.21
North Macedonia,MKD,2017,32579957098.7945
Mali,MLI,2017,43345508897.8566
Myanmar,MMR,2017,244240022243.58
Montenegro,MNE,2017,12248565663.1261
Mongolia,MNG,2017,34940501306.6572
Mozambique,MOZ,2017,36130431041.8674
Mauritania,MRT,2017,22539620070.571
Malawi,MWI,2017,24899003067.0143
Malaysia,MYS,2017,854693620881.573
Namibia,NAM,2017,24787610030.9318
New Caledonia,NCL,2017,
Niger,NER,2017,25897150477.0717
Nigeria,NGA,2017,1000651050046.71
Nicaragua,NIC,2017,39320819335.3794
Netherlands,NLD,2017,943739691874.959
Nepal,NPL,2017,100972413071.514
New Zealand,NZL,2017,203167246580.789
Oman,OMN,2017,152544979822.972
Pakistan,PAK,2017,1069378806760.21
Panama,PAN,2017,137743335718.842
Peru,PER,2017,394435327375.369
Philippines,PHL,2017,840500711144.962
Papua New Guinea,PNG,2017,36009673547.0954
Poland,POL,2017,1137654421219.15
Puerto Rico,PRI,2017,108691833112.613
"Korea, Dem. People's Rep.",PRK,2017,
Portugal,PRT,2017,340370495824.125
Paraguay,PRY,2017,88597623578.681
West Bank and Gaza,PSE,2017,27203915977.4344
Qatar,QAT,2017,252948449980.88
Romania,ROU,2017,527734762957.902
Russian Federation,RUS,2017,3807101264909.25
Rwanda,RWA,2017,24012956366.9826
Saudi Arabia,SAU,2017,1587211425365.6
Sudan,SDN,2017,181639236414.642
Senegal,SEN,2017,50051751949.2583
Solomon Islands,SLB,2017,1682669410.80071
Sierra Leone,SLE,2017,11940683458.7451
El Salvador,SLV,2017,55705683541.0245
Somalia,SOM,2017,25790779457.4146
Serbia,SRB,2017,116612609105.509
South Sudan,SSD,2017,
Suriname,SUR,2017,10430160138.1193
Slovak Republic,SVK,2017,163951329601.324
Slovenia,SVN,2017,75438769514.6355
Sweden,SWE,2017,522476835542.435
Eswatini,SWZ,2017,9809364265.86042
Syrian Arab Republic,SYR,2017,62769892394.0055
Chad,TCD,2017,24544437608.6405
Togo,TGO,2017,15997658425.3211
Thailand,THA,2017,1250522147488.09
Tajikistan,TJK,2017,27412327692.495
Turkmenistan,TKM,2017,86403378533.5301
Timor-Leste,TLS,2017,4371253145.0164
Trinidad and Tobago,TTO,2017,38982331199.2865
Tunisia,TUN,2017,131519908969.82
Turkiye,TUR,2017,2264269908091.15
Tanzania,TZA,2017,133500817705.841
Uganda,UGA,2017,86701094761.929
Ukraine,UKR,2017,496521669473.448
Uruguay,URY,2017,79989655868.4261
United States,USA,2017,19612102000000.1
Uzbekistan,UZB,2017,221561015370.055
"Venezuela, RB",VEN,2017,
Viet Nam,VNM,2017,872747364096.311
Vanuatu,VUT,2017,876162788.417423
"Yemen, Rep.",YEM,2017,
South Africa,ZAF,2017,791817133500.013
Zambia,ZMB,2017,59154463773.684
Zimbabwe,ZWE,2017,35930648589.6319
Afghanistan,AFG,2018,89369237677.5116
Angola,AGO,2018,229965233516.952
Albania,ALB,2018,38688191524.4182
United Arab Emirates,ARE,2018,701667873659.965
Argentina,ARG,2018,1090043170151.08
Armenia,ARM,2018,38233278956.681
Australia,AUS,2018,1254437048890.68
Austria,AUT,2018,503361092130.55
Azerbaijan,AZE,2018,151909515454.014
Burundi,BDI,2018,8935565006.18917
Belgium,BEL,2018,600269569562.906
Benin,BEN,2018,36720416644.3096
Burkina Faso,BFA,2018,42375183591.2275
Bangladesh,BGD,2018,897767805988.755
Bulgaria,BGR,2018,161606195964.07
"Bahamas, The",BHS,2018,13615030735.2797
Bosnia and Herzegovina,BIH,2018,50322624311.4263
Belarus,BLR,2018,189021397896.308
Belize,BLZ,2018,3621951857.36707
Bolivia,BOL,2018,103029675562.864
Brazil,BRA,2018,3187189640258.87
Brunei Darussalam,BRN,2018,28522869251.1403
Bhutan,BTN,2018,9093982081.07693
Botswana,BWA,2018,36293825138.6309
Central African Republic,CAF,2018,4419174296.74199
Canada,CAN,2018,1852985933143.48
Switzerland,CHE,2018,601867859451.371
Chile,CHL,2018,478093905184.167
China,CHN,2018,22453857449614.6
Cote d'Ivoire,CIV,2018,135827506244.13
Cameroon,CMR,2018,99492538001.3058
"Congo, Dem. Rep.",COD,2018,96286291906.3743
"Congo, Rep.",COG,2018,30668141085.6866
Colombia,COL,2018,747103674534.628
Costa Rica,CRI,2018,106583345257.898
Cuba,CUB,2018,
Cyprus,CYP,2018,35388909237.267
Czechia,CZE,2018,437355919171.827
Germany,DEU,2018,4576054323351.22
Djibouti,DJI,2018,5448498817.36759
Denmark,DNK,2018,333035360346.746
Dominican Republic,DOM,2018,195301139453.34
Algeria,DZA,2018,583471998103.511
Ecuador,ECU,2018,207780863848.377
"Egypt, Arab Rep.",EGY,2018,1302980395024.57
Eritrea,ERI,2018,
Spain,ESP,2018,1905449210032.32
Estonia,EST,2018,48133343975.1131
Ethiopia,ETH,2018,236067222303.96
Finland,FIN,2018,273456039618.341
Fiji,FJI,2018,12130548808.6754
Gabon,GAB,2018,34140586624.1111
United Kingdom,GBR,2018,3129649825363.44
Georgia,GEO,2018,55979867879.6125
Ghana,GHA,2018,169624926668.068
Guinea,GIN,2018,36138275788.0034
"Gambia, The",GMB,2018,5465023570.59128
Guinea-Bissau,GNB,2018,3955763485.5703
Equatorial Guinea,GNQ,2018,29763387484.0751
Greece,GRC,2018,317881651462.228
Greenland,GRL,2018,3462603876.34978
Guatemala,GTM,2018,167560724569.429
Guyana,GUY,2018,9848942431.25036
Honduras,HND,2018,55011170333.9628
Croatia,HRV,2018,119186553563.97
Haiti,HTI,2018,35046384798.4854
Hungary,HUN,2018,311927136865.25
Indonesia,IDN,2018,3069918631697.01
India,IND,2018,9230789424532.93
Ireland,IRL,2018,413324387097.426
"Iran, Islamic Rep.",IRN,2018,1277953990214.69
Iraq,IRQ,2018,484572670623.272
Iceland,ISL,2018,20174853794.3579
Israel,ISR,2018,357371968026.752
Italy,ITA,2018,2600325592797.6
Jamaica,JAM,2018,28300462384.3033
Jordan,JOR,2018,94604332953.0969
Japan,JPN,2018,5344060957173.08
Kazakhstan,KAZ,2018,475138151280.585
Kenya,KEN,2018,221491717233.004
Kyrgyz Republic,KGZ,2018,30789434119.8894
Cambodia,KHM,2018,67766900853.2714
"Korea, Rep.",KOR,2018,2220442287180.66
Kuwait,KWT,2018,221391224103.895
Lao PDR,LAO,2018,53366707257.3905
Lebanon,LBN,2018,131563779278.949
Liberia,LBR,2018,8899159431.27983
Libya,LBY,2018,129305467689.061
Sri Lanka,LKA,2018,307237748367.101
Lesotho,LSO,2018,5747871432.63277
Lithuania,LTU,2018,101910407057.454
Luxembourg,LUX,2018,70825270419.595
Latvia,LVA,2018,59505432397.6231
Morocco,MAR,2018,283691175471.346
Moldova,MDA,2018,32129614587.5903
Madagascar,MDG,2018,42523532549.9391
Mexico,MEX,2018,2606266095235.82
North Macedonia,MKD,2018,34870463870.7417
Mali,MLI,2018,45991751193.1964
Myanmar,MMR,2018,291745887545.292
Montenegro,MNE,2018,13385284160.1253
Mongolia,MNG,2018,39516811632.4633
Mozambique,MOZ,2018,38466735960.1986
Mauritania,MRT,2018,23550299208.1809
Malawi,MWI,2018,25272188019.3042
Malaysia,MYS,2018,914713180247.419
Namibia,NAM,2018,25396297670.6592
New Caledonia,NCL,2018,
Niger,NER,2018,28311897040.1248
Nigeria,NGA,2018,1041739008970.11
Nicaragua,NIC,2018,37985581072.3012
Netherlands,NLD,2018,996446719459.491
Nepal,NPL,2018,111086748720.566
New Zealand,NZL,2018,208272451464.565
Oman,OMN,2018,173709314188.187
Pakistan,PAK,2018,1129963710339.0
Panama,PAN,2018,135258665167.805
Peru,PER,2018,417164014966.504
Philippines,PHL,2018,914882799575.082
Papua New Guinea,PNG,2018,36731754150.6101
Poland,POL,2018,1216240206906.1
Puerto Rico,PRI,2018,110917943635.114
"Korea, Dem. People's Rep.",PRK,2018,
Portugal,PRT,2018,359198924420.589
Paraguay,PRY,2018,90877352659.2356
West Bank and Gaza,PSE,2018,28400606241.965
Qatar,QAT,2018,283965164161.23
Romania,ROU,2018,575768574496.338
Russian Federation,RUS,2018,4231842328030.95
Rwanda,RWA,2018,26543175611.6682
Saudi Arabia,SAU,2018,1712131094166.94
Sudan,SDN,2018,185735342775.64
Senegal,SEN,2018,53794440219.2467
Solomon Islands,SLB,2018,1768482075.03914
Sierra Leone,SLE,2018,12751459662.7648
El Salvador,SLV,2018,57245624328.4326
Somalia,SOM,2018,25208920051.0052
Serbia,SRB,2018,123708898500.583
South Sudan,SSD,2018,
Suriname,SUR,2018,10704591610.3525
Slovak Republic,SVK,2018,170864110524.505
Slovenia,SVN,2018,80823432203.6883
Sweden,SWE,2018,544594045419.741
Eswatini,SWZ,2018,10026194929.3937
Syrian Arab Republic,SYR,2018,67658923201.3911
Chad,TCD,2018,26393921193.6877
Togo,TGO,2018,17071648256.6892
Thailand,THA,2018,1347310632514.94
Tajikistan,TJK,2018,28565171550.94
Turkmenistan,TKM,2018,95629644637.5132
Timor-Leste,TLS,2018,4573753137.77227
Trinidad and Tobago,TTO,2018,40092211589.643
Tunisia,TUN,2018,139320477019.089
Turkiye,TUR,2018,2303774937063.97
Tanzania,TZA,2018,151987436389.558
Uganda,UGA,2018,96102592476.7351
Ukraine,UKR,2018,537198415902.321
Uruguay,URY,2018,82780572529.1467
United States,USA,2018,20656516000000.0
Uzbekistan,UZB,2018,237036925569.02
"Venezuela, RB",VEN,2018,
Viet Nam,VNM,2018,963332818078.272
Vanuatu,VUT,2018,922227587.093539
"Yemen, Rep.",YEM,2018,
South Africa,ZAF,2018,782329029153.218
Zambia,ZMB,2018,61869932575.7693
Zimbabwe,ZWE,2018,39306165591.3222
Afghanistan,AFG,2019,97800733345.013
Angola,AGO,2019,243736138717.595
Albania,ALB,2019,41721950128.2607
United Arab Emirates,ARE,2019,726238678138.084
Argentina,ARG,2019,1057633159930.82
Armenia,ARM,2019,44365671088.179
Australia,AUS,2019,1336328929938.81
Austria,AUT,2019,537897842704.908
Azerbaijan,AZE,2019,167158106107.001
Burundi,BDI,2019,9549333185.98183
Belgium,BEL,2019,650523760858.458
Benin,BEN,2019,40076293090.6914
Burkina Faso,BFA,2019,46790489887.5201
Bangladesh,BGD,2019,997249695284.319
Bulgaria,BGR,2019,178065236185.121
"Bahamas, The",BHS,2019,13974089558.9153
Bosnia and Herzegovina,BIH,2019,54961068154.1228
Belarus,BLR,2019,210075455425.408
Belize,BLZ,2019,4060725193.61043
Bolivia,BOL,2019,107078496355.74
Brazil,BRA,2019,3333775621737.55
Brunei Darussalam,BRN,2019,30701487040.9233
Bhutan,BTN,2019,9873189666.76767
Botswana,BWA,2019,37220081094.0541
Central African Republic,CAF,2019,4869757044.86639
Canada,CAN,2019,1899695367283.6
Switzerland,CHE,2019,632274562999.588
Chile,CHL,2019,491687970151.703
China,CHN,2019,24300741817604.1
Cote d'Ivoire,CIV,2019,155523648459.422
Cameroon,CMR,2019,108174199180.862
"Congo, Dem. Rep.",COD,2019,108499465225.814
"Congo, Rep.",COG,2019,32125051955.7481
Colombia,COL,2019,807590595866.731
Costa Rica,CRI,2019,116687612853.303
Cuba,CUB,2019,
Cyprus,CYP,2019,39410144929.3423
Czechia,CZE,2019,478737959837.413
Germany,DEU,2019,4840312367205.62
Djibouti,DJI,2019,5876855745.74974
Denmark,DNK,2019,353443964271.943
Dominican Republic,DOM,2019,214845353960.145
Algeria,DZA,2019,601470923945.205
Ecuador,ECU,2019,217496138436.859
"Egypt, Arab Rep.",EGY,2019,1437311654157.39
Eritrea,ERI,2019,
Spain,ESP,2019,2061660467680.02
Estonia,EST,2019,52868446537.6684
Ethiopia,ETH,2019,259534668398.211
Finland,FIN,2019,290269723402.813
Fiji,FJI,2019,12094688035.2592
Gabon,GAB,2019,36169088370.7584
United Kingdom,GBR,2019,3335878386954.69
Georgia,GEO,2019,62387596154.4602
Ghana,GHA,2019,187633394275.742
Guinea,GIN,2019,40482435336.6245
"Gambia, The",GMB,2019,5949796066.17881
Guinea-Bissau,GNB,2019,4117986391.87221
Equatorial Guinea,GNQ,2019,27476690018.3343
Greece,GRC,2019,338922195603.469
Greenland,GRL,2019,3613246574.50507
Guatemala,GTM,2019,183966419962.474
Guyana,GUY,2019,10694269146.4903
Honduras,HND,2019,57523228910.7116
Croatia,HRV,2019,131427842803.111
Haiti,HTI,2019,35947134169.5494
Hungary,HUN,2019,343481047231.953
Indonesia,IDN,2019,3266185831776.73
India,IND,2019,9932850520578.86
Ireland,IRL,2019,448732011740.96
"Iran, Islamic Rep.",IRN,2019,1162001171464.4
Iraq,IRQ,2019,504546085405.449
Iceland,ISL,2019,21822649369.3723
Israel,ISR,2019,375862789976.274
Italy,ITA,2019,2775612623552.04
Jamaica,JAM,2019,28468528877.0366
Jordan,JOR,2019,100625608768.486
Japan,JPN,2019,5404462313923.95
Kazakhstan,KAZ,2019,551108130794.884
Kenya,KEN,2019,240006995767.663
Kyrgyz Republic,KGZ,2019,34955978964.9393
Cambodia,KHM,2019,74895400925.1098
"Korea, Rep.",KOR,2019,2270666072345.05
Kuwait,KWT,2019,221784647039.002
Lao PDR,LAO,2019,56042601063.21
Lebanon,LBN,2019,125803329502.353
Liberia,LBR,2019,9580659050.4301
Libya,LBY,2019,117161523927.593
Sri Lanka,LKA,2019,307704703458.126
Lesotho,LSO,2019,5674505764.43564
Lithuania,LTU,2019,113379942799.579
Luxembourg,LUX,2019,75270492109.632
Latvia,LVA,2019,63719761484.9461
Morocco,MAR,2019,295693593669.819
Moldova,MDA,2019,35735831415.9353
Madagascar,MDG,2019,45498322775.5634
Mexico,MEX,2019,2638763908523.25
North Macedonia,MKD,2019,37941416619.2949
Mali,MLI,2019,50134289656.0515
Myanmar,MMR,2019,321180596449.631
Montenegro,MNE,2019,15015641283.5481
Mongolia,MNG,2019,44456622358.2437
Mozambique,MOZ,2019,41503339394.5819
Mauritania,MRT,2019,25064433257.7255
Malawi,MWI,2019,27651034585.4438
Malaysia,MYS,2019,967567806880.737
Namibia,NAM,2019,25469883403.5899
New Caledonia,NCL,2019,
Niger,NER,2019,32566723569.6716
Nigeria,NGA,2019,1123347541616.2
Nicaragua,NIC,2019,38779474127.8489
Netherlands,NLD,2019,1059591127143.64
Nepal,NPL,2019,121063056101.567
New Zealand,NZL,2019,224879077249.261
Oman,OMN,2019,171026532860.206
Pakistan,PAK,2019,1162667379542.97
Panama,PAN,2019,140644905274.67
Peru,PER,2019,440127331383.878
Philippines,PHL,2019,988832200555.349
Papua New Guinea,PNG,2019,39021664185.5348
Poland,POL,2019,1347315397717.0
Puerto Rico,PRI,2019,119615939334.496
"Korea, Dem. People's Rep.",PRK,2019,
Portugal,PRT,2019,389285783031.014
Paraguay,PRY,2019,92185455052.434
West Bank and Gaza,PSE,2019,30494072108.7083
Qatar,QAT,2019,283662144439.194
Romania,ROU,2019,649906994940.409
Russian Federation,RUS,2019,4579553861372.4
Rwanda,RWA,2019,29845481962.1515
Saudi Arabia,SAU,2019,1689230606146.55
Sudan,SDN,2019,178285831253.721
Senegal,SEN,2019,59654664271.8226
Solomon Islands,SLB,2019,1829608318.44684
Sierra Leone,SLE,2019,13065240200.3532
El Salvador,SLV,2019,60709614751.3463
Somalia,SOM,2019,27012250480.8401
Serbia,SRB,2019,136739543616.458
South Sudan,SSD,2019,
Suriname,SUR,2019,11976970718.446
Slovak Republic,SVK,2019,185132019911.11
Slovenia,SVN,2019,89274202854.8748
Sweden,SWE,2019,588258408215.734
Eswatini,SWZ,2019,10624107006.761
Syrian Arab Republic,SYR,2019,71281640286.0085
Chad,TCD,2019,29785914845.776
Togo,TGO,2019,18743273071.2737
Thailand,THA,2019,1427827121310.44
Tajikistan,TJK,2019,32973431253.3471
Turkmenistan,TKM,2019,105309565740.432
Timor-Leste,TLS,2019,5911816062.88189
Trinidad and Tobago,TTO,2019,40493712653.512
Tunisia,TUN,2019,148376288151.897
Turkiye,TUR,2019,2350308226168.6
Tanzania,TZA,2019,171137212069.963
Uganda,UGA,2019,104978215231.617
Ukraine,UKR,2019,604396090412.295
Uruguay,URY,2019,87589210439.4025
United States,USA,2019,21521395000000.0
Uzbekistan,UZB,2019,252312593202.574
"Venezuela, RB",VEN,2019,
Viet Nam,VNM,2019,1071756124195.5
Vanuatu,VUT,2019,968100101.385439
"Yemen, Rep.",YEM,2019,
South Africa,ZAF,2019,796182639290.773
Zambia,ZMB,2019,62232372185.4722
Zimbabwe,ZWE,2019,41634470005.6723
Afghanistan,AFG,2020,100094011602.726
Angola,AGO,2020,215784887951.053
Albania,ALB,2020,40968564646.4314
United Arab Emirates,ARE,2020,614384479773.466
Argentina,ARG,2020,1011999397129.76
Armenia,ARM,2020,43552758696.8095
Australia,AUS,2020,1386702982120.14
Austria,AUT,2020,522624838947.364
Azerbaijan,AZE,2020,153047750160.236
Burundi,BDI,2020,9923498550.19194
Belgium,BEL,2020,643057395991.149
Benin,BEN,2020,42407309934.6404
Burkina Faso,BFA,2020,51134807589.6146
Bangladesh,BGD,2020,1104316059486.83
Bulgaria,BGR,2020,178446881949.529
"Bahamas, The",BHS,2020,10348434009.0369
Bosnia and Herzegovina,BIH,2020,54007864310.9649
Belarus,BLR,2020,233301354383.785
Belize,BLZ,2020,3767811391.10607
Bolivia,BOL,2020,98004280065.3528
Brazil,BRA,2020,3359777233099.99
Brunei Darussalam,BRN,2020,31223413923.1335
Bhutan,BTN,2020,9605860673.56367
Botswana,BWA,2020,36179967540.1178
Central African Republic,CAF,2020,5359843442.72162
Canada,CAN,2020,1847837502049.2
Switzerland,CHE,2020,630567393919.535
Chile,CHL,2020,491062045094.545
China,CHN,2020,25246667832981.6
Cote d'Ivoire,CIV,2020,160302939789.704
Cameroon,CMR,2020,114420802871.501
"Congo, Dem. Rep.",COD,2020,109045443618.14
"Congo, Rep.",COG,2020,27446363219.1881
Colombia,COL,2020,785737564322.414
Costa Rica,CRI,2020,111257806527.64
Cuba,CUB,2020,
Cyprus,CYP,2020,38174320636.4989
Czechia,CZE,2020,469876999410.796
Germany,DEU,2020,4815445166912.83
Djibouti,DJI,2020,6188058972.13545
Denmark,DNK,2020,364633324729.065
Dominican Republic,DOM,2020,209932477118.623
Algeria,DZA,2020,558300141593.952
Ecuador,ECU,2020,202250002758.436
"Egypt, Arab Rep.",EGY,2020,1665073256894.19
Eritrea,ERI,2020,
Spain,ESP,2020,1845713578821.49
Estonia,EST,2020,53241219948.6805
Ethiopia,ETH,2020,286209793459.086
Finland,FIN,2020,296764042926.675
Fiji,FJI,2020,10279861871.0686
Gabon,GAB,2020,33563084094.1798
United Kingdom,GBR,2020,3220293643239.06
Georgia,GEO,2020,62509091761.2555
Ghana,GHA,2020,192835182975.95
Guinea,GIN,2020,44832747326.2215
"Gambia, The",GMB,2020,6366827515.11477
Guinea-Bissau,GNB,2020,4200663868.27209
Equatorial Guinea,GNQ,2020,23476322655.934
Greece,GRC,2020,311203073638.711
Greenland,GRL,2020,3655829957.23615
Guatemala,GTM,2020,190006601694.893
Guyana,GUY,2020,13581364399.677
Honduras,HND,2020,54491208505.2883
Croatia,HRV,2020,124218476200.701
Haiti,HTI,2020,34891691692.7124
Hungary,HUN,2020,341546873384.495
Indonesia,IDN,2020,3223404542894.6
India,IND,2020,9771021183357.46
Ireland,IRL,2020,483914609141.061
"Iran, Islamic Rep.",IRN,2020,1237805777178.19
Iraq,IRQ,2020,445338054148.541
Iceland,ISL,2020,20447442733.9865
Israel,ISR,2020,379703382522.384
Italy,ITA,2020,2627330094323.51
Jamaica,JAM,2020,25451633088.1949
Jordan,JOR,2020,104080200892.953
Japan,JPN,2020,5358320688497.43
Kazakhstan,KAZ,2020,565757228613.755
Kenya,KEN,2020,250255393335.358
Kyrgyz Republic,KGZ,2020,34834094213.2461
Cambodia,KHM,2020,73855510093.2968
"Korea, Rep.",KOR,2020,2340031075342.67
Kuwait,KWT,2020,176638962986.99
Lao PDR,LAO,2020,58135955846.4305
Lebanon,LBN,2020,92719310020.9046
Liberia,LBR,2020,8545642565.8159
Libya,LBY,2020,108205599828.686
Sri Lanka,LKA,2020,283651685862.02
Lesotho,LSO,2020,5720437131.32534
Lithuania,LTU,2020,115060426529.35
Luxembourg,LUX,2020,76983049816.1454
Latvia,LVA,2020,64107969885.1103
Morocco,MAR,2020,286108585852.483
Moldova,MDA,2020,35646566427.3806
Madagascar,MDG,2020,43150154155.6067
Mexico,MEX,2020,2453576084522.35
North Macedonia,MKD,2020,37050814812.7193
Mali,MLI,2020,49903864656.5365
Myanmar,MMR,2020,304367346941.67
Montenegro,MNE,2020,13049775753.8961
Mongolia,MNG,2020,45560002626.38
Mozambique,MOZ,2020,43454882038.7882
Mauritania,MRT,2020,26408154182.6332
Malawi,MWI,2020,30246843242.059
Malaysia,MYS,2020,931106663877.47
Namibia,NAM,2020,25525198217.6345
New Caledonia,NCL,2020,
Niger,NER,2020,35501317683.8958
Nigeria,NGA,2020,1145672541683.2
Nicaragua,NIC,2020,41045837413.4419
Netherlands,NLD,2020,1065124600844.04
Nepal,NPL,2020,122690085757.445
New Zealand,NZL,2020,230501909066.184
Oman,OMN,2020,159025846781.079
Pakistan,PAK,2020,1186293820824.83
Panama,PAN,2020,116045912886.774
Peru,PER,2020,412561044537.264
Philippines,PHL,2020,923366701020.754
Papua New Guinea,PNG,2020,38284704235.7213
Poland,POL,2020,1376571678922.9
Puerto Rico,PRI,2020,120954841139.023
"Korea, Dem. People's Rep.",PRK,2020,
Portugal,PRT,2020,369405523060.343
Paraguay,PRY,2020,94492100805.0321
West Bank and Gaza,PSE,2020,28609644862.7012
Qatar,QAT,2020,229537462611.12
Romania,ROU,2020,660666464644.724
Russian Federation,RUS,2020,4651428694918.23
Rwanda,RWA,2020,29854117266.0856
Saudi Arabia,SAU,2020,1433571620929.49
Sudan,SDN,2020,156677404687.453
Senegal,SEN,2020,63008586953.5983
Solomon Islands,SLB,2020,1791091748.05551
Sierra Leone,SLE,2020,13069480065.4615
El Salvador,SLV,2020,58560345367.2006
Somalia,SOM,2020,25832270797.615
Serbia,SRB,2020,138434045525.235
South Sudan,SSD,2020,
Suriname,SUR,2020,10376871438.022
Slovak Republic,SVK,2020,191068488417.264
Slovenia,SVN,2020,88387605987.3332
Sweden,SWE,2020,597293428245.195
Eswatini,SWZ,2020,10717079323.5938
Syrian Arab Republic,SYR,2020,72851409860.9567
Chad,TCD,2020,27018641553.8438
Togo,TGO,2020,20432437140.6536
Thailand,THA,2020,1372918881143.84
Tajikistan,TJK,2020,35623586501.7738
Turkmenistan,TKM,2020,
Timor-Leste,TLS,2020,8131466902.16421
Trinidad and Tobago,TTO,2020,36393093026.3616
Tunisia,TUN,2020,142707723492.718
Turkiye,TUR,2020,2391489377827.96
Tanzania,TZA,2020,194561908147.279
Uganda,UGA,2020,112575267254.241
Ukraine,UKR,2020,656105592902.92
Uruguay,URY,2020,87617732172.3183
United States,USA,2020,21322950000000.0
Uzbekistan,UZB,2020,257295470412.961
"Venezuela, RB",VEN,2020,
Viet Nam,VNM,2020,1138632490789.12
Vanuatu,VUT,2020,931914409.38736
"Yemen, Rep.",YEM,2020,
South Africa,ZAF,2020,768110330808.662
Zambia,ZMB,2020,60176229610.3325
Zimbabwe,ZWE,2020,43638020275.5134
Afghanistan,AFG,2021,85767546197.7544
Angola,AGO,2021,255820605533.992
Albania,ALB,2021,45722762963.6554
United Arab Emirates,ARE,2021,645375981350.196
Argentina,ARG,2021,1195003729129.62
Armenia,ARM,2021,47164867556.762
Australia,AUS,2021,1474501352807.93
Austria,AUT,2021,567987424821.541
Azerbaijan,AZE,2021,203884098954.124
Burundi,BDI,2021,10847771568.5348
Belgium,BEL,2021,719771061038.585
Benin,BEN,2021,46467947984.7692
Burkina Faso,BFA,2021,54538752729.7151
Bangladesh,BGD,2021,1247561124482.2
Bulgaria,BGR,2021,202239761312.466
"Bahamas, The",BHS,2021,11629771045.9822
Bosnia and Herzegovina,BIH,2021,60173801804.3836
Belarus,BLR,2021,256855349956.288
Belize,BLZ,2021,4624314595.99608
Bolivia,BOL,2021,112858166789.685
Brazil,BRA,2021,3787769507879.98
Brunei Darussalam,BRN,2021,35346624887.2816
Bhutan,BTN,2021,10436528020.4014
Botswana,BWA,2021,43133140608.7628
Central African Republic,CAF,2021,5769272621.61696
Canada,CAN,2021,2133084584492.55
Switzerland,CHE,2021,710318871754.097
Chile,CHL,2021,566278570129.927
China,CHN,2021,28821648700423.3
Cote d'Ivoire,CIV,2021,179178274483.428
Cameroon,CMR,2021,128969414454.646
"Congo, Dem. Rep.",COD,2021,130243843399.282
"Congo, Rep.",COG,2021,36903988991.0873
Colombia,COL,2021,906033717087.335
Costa Rica,CRI,2021,122150307148.459
Cuba,CUB,2021,
Cyprus,CYP,2021,43637414172.2635
Czechia,CZE,2021,508669685129.785
Germany,DEU,2021,5153136084559.62
Djibouti,DJI,2021,6669027120.13223
Denmark,DNK,2021,409262263516.683
Dominican Republic,DOM,2021,243740486662.959
Algeria,DZA,2021,649014841793.06
Ecuador,ECU,2021,239415314251.538
"Egypt, Arab Rep.",EGY,2021,1728601012503.64
Eritrea,ERI,2021,
Spain,ESP,2021,2068305576331.49
Estonia,EST,2021,59428774624.5775
Ethiopia,ETH,2021,316145105232.455
Finland,FIN,2021,320209296473.105
Fiji,FJI,2021,9795237652.39681
Gabon,GAB,2021,45775580563.7335
United Kingdom,GBR,2021,3541778829454.69
Georgia,GEO,2021,70150781357.7257
Ghana,GHA,2021,214867175690.96
Guinea,GIN,2021,50542884444.4891
"Gambia, The",GMB,2021,7155630816.16839
Guinea-Bissau,GNB,2021,4694370647.91916
Equatorial Guinea,GNQ,2021,29585328380.1352
Greece,GRC,2021,348976765693.828
Greenland,GRL,2021,3857302225.39463
Guatemala,GTM,2021,207137814680.83
Guyana,GUY,2021,18646751960.8246
Honduras,HND,2021,63827909343.1217
Croatia,HRV,2021,144424531580.222
Haiti,HTI,2021,35658760079.8831
Hungary,HUN,2021,375267848770.74
Indonesia,IDN,2021,3530623140454.75
India,IND,2021,11384367630968.1
Ireland,IRL,2021,574387416320.303
"Iran, Islamic Rep.",IRN,2021,1322577157396.53
Iraq,IRQ,2021,548372044650.92
Iceland,ISL,2021,23083729576.0157
Israel,ISR,2021,432271215779.002
Italy,ITA,2021,2950840663460.92
Jamaica,JAM,2021,27176946493.566
Jordan,JOR,2021,101616771489.093
Japan,JPN,2021,5599031809810.88
Kazakhstan,KAZ,2021,650469813945.991
Kenya,KEN,2021,284129273925.386
Kyrgyz Republic,KGZ,2021,39301901464.0311
Cambodia,KHM,2021,77441503895.2508
"Korea, Rep.",KOR,2021,2514520654062.95
Kuwait,KWT,2021,211098901525.881
Lao PDR,LAO,2021,60225053628.2101
Lebanon,LBN,2021,66328931529.5091
Liberia,LBR,2021,8095196936.87139
Libya,LBY,2021,122390240681.543
Sri Lanka,LKA,2021,317188320128.86
Lesotho,LSO,2021,5742368962.05755
Lithuania,LTU,2021,129987127436.765
Luxembourg,LUX,2021,88295128695.0881
Latvia,LVA,2021,69307571289.3282
Morocco,MAR,2021,323019848596.726
Moldova,MDA,2021,40707659297.2633
Madagascar,MDG,2021,47488297274.9472
Mexico,MEX,2021,2677522302353.94
North Macedonia,MKD,2021,41098989955.6584
Mali,MLI,2021,52560164127.7227
Myanmar,MMR,2021,276462287916.21
Montenegro,MNE,2021,15176822278.3031
Mongolia,MNG,2021,50053145881.8599
Mozambique,MOZ,2021,46205728910.2662
Mauritania,MRT,2021,27635403694.625
Malawi,MWI,2021,34385891138.641
Malaysia,MYS,2021,1022529025394.87
Namibia,NAM,2021,27287889637.5942
New Caledonia,NCL,2021,
Niger,NER,2021,38850574077.5224
Nigeria,NGA,2021,1200097354375.41
Nicaragua,NIC,2021,47088770380.5984
Netherlands,NLD,2021,1186870070823.37
Nepal,NPL,2021,134000165871.651
New Zealand,NZL,2021,246334202069.855
Oman,OMN,2021,175986428645.666
Pakistan,PAK,2021,1285342890384.16
Panama,PAN,2021,134436015306.784
Peru,PER,2021,506697261408.824
Philippines,PHL,2021,1001824458376.1
Papua New Guinea,PNG,2021,39727517121.8423
Poland,POL,2021,1527350128193.29
Puerto Rico,PRI,2021,132333844622.722
"Korea, Dem. People's Rep.",PRK,2021,
Portugal,PRT,2021,401863011481.897
Paraguay,PRY,2021,102977624582.579
West Bank and Gaza,PSE,2021,27878126229.8832
Qatar,QAT,2021,292655073655.389
Romania,ROU,2021,726048400937.962
Russian Federation,RUS,2021,5732443748434.11
Rwanda,RWA,2021,36474417848.0763
Saudi Arabia,SAU,2021,1716790721486.04
Sudan,SDN,2021,156168260027.791
Senegal,SEN,2021,71874343647.3319
Solomon Islands,SLB,2021,1921244367.666
Sierra Leone,SLE,2021,13674915721.8176
El Salvador,SLV,2021,67623210509.8633
Somalia,SOM,2021,24949346833.5408
Serbia,SRB,2021,154279650246.373
South Sudan,SSD,2021,
Suriname,SUR,2021,11307942670.7013
Slovak Republic,SVK,2021,205855753493.578
Slovenia,SVN,2021,98030096026.0123
Sweden,SWE,2021,660102487151.81
Eswatini,SWZ,2021,12164156333.7015
Syrian Arab Republic,SYR,2021,62150519282.1171
Chad,TCD,2021,30311041208.7462
Togo,TGO,2021,22881375789.0174
Thailand,THA,2021,1452137223843.39
Tajikistan,TJK,2021,39727222945.4623
Turkmenistan,TKM,2021,
Timor-Leste,TLS,2021,9206966031.72556
Trinidad and Tobago,TTO,2021,42156628469.72
Tunisia,TUN,2021,149105829130.527
Turkiye,TUR,2021,2662213343459.53
Tanzania,TZA,2021,212790081675.953
Uganda,UGA,2021,123267190675.87
Ukraine,UKR,2021,746470597165.435
Uruguay,URY,2021,100003719372.588
United States,USA,2021,23594030999999.9
Uzbekistan,UZB,2021,284983883162.508
"Venezuela, RB",VEN,2021,
Viet Nam,VNM,2021,1192059299524.62
Vanuatu,VUT,2021,959511020.248636
"Yemen, Rep.",YEM,2021,
South Africa,ZAF,2021,841739362181.814
Zambia,ZMB,2021,68672119764.9363
Zimbabwe,ZWE,2021,52399066934.2055
Afghanistan,AFG,2022,86077580286.4421
Angola,AGO,2022,282172319183.569
Albania,ALB,2022,54144889192.2815
United Arab Emirates,ARE,2022,745049100215.377
Argentina,ARG,2022,1342543373159.5
Armenia,ARM,2022,56846963640.2578
Australia,AUS,2022,1700455865579.78
Austria,AUT,2022,641751890596.523
Azerbaijan,AZE,2022,228529198552.031
Burundi,BDI,2022,11826263768.8114
Belgium,BEL,2022,797839609698.796
Benin,BEN,2022,52850117786.5139
Burkina Faso,BFA,2022,59416766875.4815
Bangladesh,BGD,2022,1430213498494.14
Bulgaria,BGR,2022,229275322964.222
"Bahamas, The",BHS,2022,13790838767.1778
Bosnia and Herzegovina,BIH,2022,67899268901.1123
Belarus,BLR,2022,262133195246.253
Belize,BLZ,2022,5382254672.40795
Bolivia,BOL,2022,125160365230.695
Brazil,BRA,2022,4176778228978.4
Brunei Darussalam,BRN,2022,37219304326.4493
Bhutan,BTN,2022,11753826959.5409
Botswana,BWA,2022,48703064009.7341
Central African Republic,CAF,2022,6206496349.6843
Canada,CAN,2022,2415839858207.44
Switzerland,CHE,2022,796369094824.207
Chile,CHL,2022,619206194253.432
China,CHN,2022,31773150449261.9
Cote d'Ivoire,CIV,2022,203719744624.114
Cameroon,CMR,2022,142996241310.214
"Congo, Dem. Rep.",COD,2022,151856306512.046
"Congo, Rep.",COG,2022,40085209635.3104
Colombia,COL,2022,1092241969354.14
Costa Rica,CRI,2022,135640019815.9
Cuba,CUB,2022,
Cyprus,CYP,2022,49081797571.1699
Czechia,CZE,2022,551769302070.26
Germany,DEU,2022,5582288432850.87
Djibouti,DJI,2022,7404763025.14668
Denmark,DNK,2022,460163449423.838
Dominican Republic,DOM,2022,273577797567.43
Algeria,DZA,2022,719721782407.272
Ecuador,ECU,2022,272125988615.661
"Egypt, Arab Rep.",EGY,2022,1972207973105.74
Eritrea,ERI,2022,
Spain,ESP,2022,2326112195711.89
Estonia,EST,2022,64665654483.3557
Ethiopia,ETH,2022,356412088803.922
Finland,FIN,2022,347806710383.907
Fiji,FJI,2022,12583633706.0297
Gabon,GAB,2022,50452804439.5241
United Kingdom,GBR,2022,3847920019162.97
Georgia,GEO,2022,83318890575.2476
Ghana,GHA,2022,238776138320.913
Guinea,GIN,2022,56644398287.021
"Gambia, The",GMB,2022,8036139225.77065
Guinea-Bissau,GNB,2022,5235947917.38836
Equatorial Guinea,GNQ,2022,32845241575.8386
Greece,GRC,2022,405841486026.762
Greenland,GRL,2022,
Guatemala,GTM,2022,230852981354.564
Guyana,GUY,2022,32622065100.7236
Honduras,HND,2022,71153015418.0854
Croatia,HRV,2022,163475794167.995
Haiti,HTI,2022,37527497712.9228
Hungary,HUN,2022,420223657435.453
Indonesia,IDN,2022,3979794032136.91
India,IND,2022,13037380602506.7
Ireland,IRL,2022,686132033842.947
"Iran, Islamic Rep.",IRN,2022,1469165934893.93
Iraq,IRQ,2022,631827461524.676
Iceland,ISL,2022,28066333301.0513
Israel,ISR,2022,498266971121.346
Italy,ITA,2022,3295256338368.66
Jamaica,JAM,2022,30609447657.4375
Jordan,JOR,2022,111412689758.376
Japan,JPN,2022,5895687814585.3
Kazakhstan,KAZ,2022,718550188290.824
Kenya,KEN,2022,318875197393.327
Kyrgyz Republic,KGZ,2022,45841712522.3783
Cambodia,KHM,2022,87237678062.7048
"Korea, Rep.",KOR,2022,2667437701775.83
Kuwait,KWT,2022,239832575098.79
Lao PDR,LAO,2022,66210871739.5927
Lebanon,LBN,2022,70557781904.6026
Liberia,LBR,2022,9081812910.29107
Libya,LBY,2022,132758227095.958
Sri Lanka,LKA,2022,314577777700.418
Lesotho,LSO,2022,6225706612.2733
Lithuania,LTU,2022,144405884028.24
Luxembourg,LUX,2022,95651519488.3386
Latvia,LVA,2022,77254908156.3445
Morocco,MAR,2022,350115348938.722
Moldova,MDA,2022,41388455092.1228
Madagascar,MDG,2022,52761643031.7121
Mexico,MEX,2022,3042136938361.4
North Macedonia,MKD,2022,44290012997.717
Mali,MLI,2022,58215979379.4547
Myanmar,MMR,2022,307876145706.418
Montenegro,MNE,2022,17479218452.2126
Mongolia,MNG,2022,56273795885.4353
Mozambique,MOZ,2022,51615403612.8233
Mauritania,MRT,2022,31470578968.6101
Malawi,MWI,2022,37146904891.1462
Malaysia,MYS,2022,1189205787851.19
Namibia,NAM,2022,30771833089.2314
New Caledonia,NCL,2022,
Niger,NER,2022,46534793393.6703
Nigeria,NGA,2022,1326367506668.37
Nicaragua,NIC,2022,52295615894.9833
Netherlands,NLD,2022,1319463046599.37
Nepal,NPL,2022,151512436929.362
New Zealand,NZL,2022,267771301960.407
Oman,OMN,2022,196499118028.426
Pakistan,PAK,2022,1441438133673.25
Panama,PAN,2022,159456550546.367
Peru,PER,2022,557156350134.706
Philippines,PHL,2022,1153658839296.67
Papua New Guinea,PNG,2022,44721166655.0094
Poland,POL,2022,1720333212668.97
Puerto Rico,PRI,2022,146705786817.978
"Korea, Dem. People's Rep.",PRK,2022,
Portugal,PRT,2022,463068367036.917
Paraguay,PRY,2022,110422349953.862
West Bank and Gaza,PSE,2022,31059370143.4087
Qatar,QAT,2022,326445745195.122
Romania,ROU,2022,818510730122.754
Russian Federation,RUS,2022,6009067722328.82
Rwanda,RWA,2022,42227581955.0714
Saudi Arabia,SAU,2022,1975238119166.85
Sudan,SDN,2022,165562982173.304
Senegal,SEN,2022,79875381114.3534
Solomon Islands,SLB,2022,2105927185.62065
Sierra Leone,SLE,2022,15143876820.201
El Salvador,SLV,2022,74411022337.8496
Somalia,SOM,2022,27357147427.3255
Serbia,SRB,2022,166993894453.745
South Sudan,SSD,2022,
Suriname,SUR,2022,12398719120.3718
Slovak Republic,SVK,2022,223011942785.16
Slovenia,SVN,2022,108306565115.678
Sweden,SWE,2022,714036865582.495
Eswatini,SWZ,2022,13082585939.1329
Syrian Arab Republic,SYR,2022,
Chad,TCD,2022,33355124836.1355
Togo,TGO,2022,25903113006.3557
Thailand,THA,2022,1592663440182.66
Tajikistan,TJK,2022,45926381325.1043
Turkmenistan,TKM,2022,
Timor-Leste,TLS,2022,7830810091.87531
Trinidad and Tobago,TTO,2022,45793744423.0684
Tunisia,TUN,2022,163760445157.358
Turkiye,TUR,2022,3259417647235.08
Tanzania,TZA,2022,238172800528.087
Uganda,UGA,2022,138000198315.48
Ukraine,UKR,2022,569240080816.391
Uruguay,URY,2022,112083891450.307
United States,USA,2022,25744108000000.1
Uzbekistan,UZB,2022,322342380160.101
"Venezuela, RB",VEN,2022,
Viet Nam,VNM,2022,1379647939737.75
Vanuatu,VUT,2022,1046749695.30084
"Yemen, Rep.",YEM,2022,
South Africa,ZAF,2022,918219331843.39
Zambia,ZMB,2022,77366199343.5396
Zimbabwe,ZWE,2022,59746801242.017
Afghanistan,AFG,2023,
Angola,AGO,2023,294960925634.98
Albania,ALB,2023,58750963483.224
United Arab Emirates,ARE,2023,798490897661.115
Argentina,ARG,2023,1369904111827.83
Armenia,ARM,2023,64044988615.0703
Australia,AUS,2023,1841115986451.28
Austria,AUT,2023,673525599682.749
Azerbaijan,AZE,2023,239521312200.162
Burundi,BDI,2023,12588278518.6641
Belgium,BEL,2023,832972050437.144
Benin,BEN,2023,58256355529.4937
Burkina Faso,BFA,2023,63405458216.3658
Bangladesh,BGD,2023,1567951785438.2
Bulgaria,BGR,2023,248788109254.501
"Bahamas, The",BHS,2023,14670728026.1
Bosnia and Herzegovina,BIH,2023,73353464695.4674
Belarus,BLR,2023,282246388899.887
Belize,BLZ,2023,5831789718.25552
Bolivia,BOL,2023,132892186347.721
Brazil,BRA,2023,4454930345429.17
Brunei Darussalam,BRN,2023,39118736084.2569
Bhutan,BTN,2023,
Botswana,BWA,2023,51856809570.5722
Central African Republic,CAF,2023,6488703710.70721
Canada,CAN,2023,2469314350968.61
Switzerland,CHE,2023,822862795503.963
Chile,CHL,2023,653360984982.927
China,CHN,2023,34643706848019.9
Cote d'Ivoire,CIV,2023,224945636305.814
Cameroon,CMR,2023,154126988108.264
"Congo, Dem. Rep.",COD,2023,170865528305.487
"Congo, Rep.",COG,2023,42338545429.6096
Colombia,COL,2023,1122331896369.35
Costa Rica,CRI,2023,145693143940.235
Cuba,CUB,2023,
Cyprus,CYP,2023,53033142804.6904
Czechia,CZE,2023,585187183031.821
Germany,DEU,2023,5857856201680.96
Djibouti,DJI,2023,8187076864.87663
Denmark,DNK,2023,456059277192.33
Dominican Republic,DOM,2023,290243213881.234
Algeria,DZA,2023,776539787081.926
Ecuador,ECU,2023,288687741566.654
"Egypt, Arab Rep.",EGY,2023,2120932496602.28
Eritrea,ERI,2023,
Spain,ESP,2023,2553107622879.82
Estonia,EST,2023,66932475061.8128
Ethiopia,ETH,2023,393407615830.967
Finland,FIN,2023,363315980537.649
Fiji,FJI,2023,14089135375.1744
Gabon,GAB,2023,53475291714.6235
United Kingdom,GBR,2023,4026241425912.98
Georgia,GEO,2023,92810510894.1995
Ghana,GHA,2023,254767258977.456
Guinea,GIN,2023,62855095953.4381
"Gambia, The",GMB,2023,8770162650.87342
Guinea-Bissau,GNB,2023,5657343667.73728
Equatorial Guinea,GNQ,2023,32104894668.8628
Greece,GRC,2023,426748711342.701
Greenland,GRL,2023,
Guatemala,GTM,2023,247604803198.928
Guyana,GUY,2023,44974521636.049
Honduras,HND,2023,76388585646.7349
Croatia,HRV,2023,176899003594.426
Haiti,HTI,2023,38170408504.8915
Hungary,HUN,2023,440579524817.948
Indonesia,IDN,2023,4333084496745.12
India,IND,2023,14537383619971.6
Ireland,IRL,2023,671603053638.308
"Iran, Islamic Rep.",IRN,2023,1598124392063.68
Iraq,IRQ,2023,635633821211.193
Iceland,ISL,2023,30530446697.4294
Israel,ISR,2023,521339472593.987
Italy,ITA,2023,3452505720028.19
Jamaica,JAM,2023,32423133605.2628
Jordan,JOR,2023,118493876514.991
Japan,JPN,2023,6251558780213.59
Kazakhstan,KAZ,2023,782723115253.46
Kenya,KEN,2023,348430406994.172
Kyrgyz Republic,KGZ,2023,50435329471.9201
Cambodia,KHM,2023,95300031597.3521
"Korea, Rep.",KOR,2023,2794196215269.68
Kuwait,KWT,2023,243031018261.773
Lao PDR,LAO,2023,71194700820.9113
Lebanon,LBN,2023,
Liberia,LBR,2023,9856286055.99382
Libya,LBY,2023,135295820261.288
Sri Lanka,LKA,2023,318551481729.507
Lesotho,LSO,2023,6510587634.40068
Lithuania,LTU,2023,148985419391.692
Luxembourg,LUX,2023,95838968979.9767
Latvia,LVA,2023,79976309217.0466
Morocco,MAR,2023,374409076081.669
Moldova,MDA,2023,43233050427.4106
Madagascar,MDG,2023,56864194677.63
Mexico,MEX,2023,3288671325775.66
North Macedonia,MKD,2023,45068909110.3196
Mali,MLI,2023,63497592543.7411
Myanmar,MMR,2023,322296341270.624
Montenegro,MNE,2023,19234815247.5197
Mongolia,MNG,2023,62421131192.2578
Mozambique,MOZ,2023,56171634685.559
Mauritania,MRT,2023,33721317284.4942
Malawi,MWI,2023,39093683846.1074
Malaysia,MYS,2023,1277913684402.86
Namibia,NAM,2023,33220228536.5263
New Caledonia,NCL,2023,
Niger,NER,2023,49436759012.3938
Nigeria,NGA,2023,1414033302015.18
Nicaragua,NIC,2023,56678665269.5327
Netherlands,NLD,2023,1398445339399.07
Nepal,NPL,2023,160101237655.652
New Zealand,NZL,2023,282620901588.833
Oman,OMN,2023,206309101066.401
Pakistan,PAK,2023,1493905948493.04
Panama,PAN,2023,177361079662.573
Peru,PER,2023,574287564176.55
Philippines,PHL,2023,1262021926766.72
Papua New Guinea,PNG,2023,47593932955.3641
Poland,POL,2023,1814628510978.85
Puerto Rico,PRI,2023,152910055132.19
"Korea, Dem. People's Rep.",PRK,2023,
Portugal,PRT,2023,513203889481.658
Paraguay,PRY,2023,119842424233.451
West Bank and Gaza,PSE,2023,30418120122.0793
Qatar,QAT,2023,
Romania,ROU,2023,912851625716.229
Russian Federation,RUS,2023,6452309481752.99
Rwanda,RWA,2023,47373720860.1732
Saudi Arabia,SAU,2023,2031780571125.42
Sudan,SDN,2023,150925743560.905
Senegal,SEN,2023,85849944842.2372
Solomon Islands,SLB,2023,2247079294.59487
Sierra Leone,SLE,2023,16234367685.0
El Salvador,SLV,2023,79831081962.8609
Somalia,SOM,2023,29234137743.9004
Serbia,SRB,2023,181345752541.783
South Sudan,SSD,2023,
Suriname,SUR,2023,13117361867.9921
Slovak Republic,SVK,2023,242305041708.428
Slovenia,SVN,2023,116540122470.467
Sweden,SWE,2023,739741230780.839
Eswatini,SWZ,2023,14216037435.7266
Syrian Arab Republic,SYR,2023,
Chad,TCD,2023,35996041269.0141
Togo,TGO,2023,28567633064.1643
Thailand,THA,2023,1681795914995.91
Tajikistan,TJK,2023,51551228216.482
Turkmenistan,TKM,2023,
Timor-Leste,TLS,2023,6950883639.96023
Trinidad and Tobago,TTO,2023,48461186026.2139
Tunisia,TUN,2023,170448561952.22
Turkiye,TUR,2023,3767230350036.06
Tanzania,TZA,2023,259661122261.078
Uganda,UGA,2023,150513464164.661
Ukraine,UKR,2023,621258264021.884
Uruguay,URY,2023,116596237470.135
United States,USA,2023,27360934999999.9
Uzbekistan,UZB,2023,354100418359.121
"Venezuela, RB",VEN,2023,
Viet Nam,VNM,2023,1502096773515.35
Vanuatu,VUT,2023,1108911958.50258
"Yemen, Rep.",YEM,2023,
South Africa,ZAF,2023,957414333113.818
Zambia,ZMB,2023,84863032638.1594
Zimbabwe,ZWE,2023,64993415784.9388
